SET SQLBLANKLINES ON;
SET DEFINE OFF;
ALTER SESSION SET NLS_DATE_FORMAT = 'MM/DD/SYYYY HH24:MI:SS';
ALTER SESSION SET NLS_TIMESTAMP_TZ_FORMAT = 'MM/DD/SYYYY HH24:MI:SS.FF TZH:TZM';
ALTER SESSION SET NLS_TIMESTAMP_FORMAT = 'MM/DD/SYYYY HH24:MI:SS.FF';
ALTER SESSION SET NLS_NUMERIC_CHARACTERS = '.,';
ALTER SESSION SET NLS_NCHAR_CONV_EXCP = FALSE;
ALTER SESSION SET TIME_ZONE = '+07:00';
--
-- Inserting data into table CSYT
--
INSERT INTO CSYT(MACSYT, TENCSYT, DCCSYT, SDTCSYT) VALUES
(756, 'Cong ty TNHH Phong kham da khoa Quoc te', 'Ha Noi', 98699664779);
INSERT INTO CSYT(MACSYT, TENCSYT, DCCSYT, SDTCSYT) VALUES
(155, 'Cong ty TNHH Nha khoa Ky Thuat So', 'TP.HCM', 47121833362);
INSERT INTO CSYT(MACSYT, TENCSYT, DCCSYT, SDTCSYT) VALUES
(932, 'Cong ty TNHH Tham my Rmeilan', 'Can Tho', 89699664782);
INSERT INTO CSYT(MACSYT, TENCSYT, DCCSYT, SDTCSYT) VALUES
(656, 'Phong kham chuyen khoa Noi ho hap', 'Binh Duong', 56121833363);
INSERT INTO CSYT(MACSYT, TENCSYT, DCCSYT, SDTCSYT) VALUES
(835, 'Phong kham Vinmec Golden River - Chi nhanh Cong ty Co phan Benh vien Da khoa Quoc te Vinmec - Benh vien Da khoa Quoc te Vinmec Central Park', 'Da Nang', 47121833363);
INSERT INTO CSYT(MACSYT, TENCSYT, DCCSYT, SDTCSYT) VALUES
(933, 'Cong ty Co phan Suc khoe va Su nghiep Golden Life', 'Can Tho', 66739258846);
INSERT INTO CSYT(MACSYT, TENCSYT, DCCSYT, SDTCSYT) VALUES
(412, 'Cong ty TNHH Y te Phu Khang', 'TP.HCM', 75739258847);
INSERT INTO CSYT(MACSYT, TENCSYT, DCCSYT, SDTCSYT) VALUES
(354, 'Trung tam Ung buou - Xa tri - Benh vien Da khoa Quoc te Vinmec Times City', 'Da Nang', 56121833364);
INSERT INTO CSYT(MACSYT, TENCSYT, DCCSYT, SDTCSYT) VALUES
(836, 'Cong ty TNHH Dich vu Y te Tich Hop Viet Nam', 'Binh Duong', 31921621345);
INSERT INTO CSYT(MACSYT, TENCSYT, DCCSYT, SDTCSYT) VALUES
(513, 'Phong kham chuyen khoa Da lieu', 'Ha Noi', 40921621346);
INSERT INTO CSYT(MACSYT, TENCSYT, DCCSYT, SDTCSYT) VALUES
(55, 'Phong kham chuyen khoa Rang Ham Mat (01 ghe may Nha khoa)', 'Ha Noi', 98699664780);
INSERT INTO CSYT(MACSYT, TENCSYT, DCCSYT, SDTCSYT) VALUES
(934, 'Phong kham Quoc te Vinmec Royal City', 'Can Tho', 16823127216);
INSERT INTO CSYT(MACSYT, TENCSYT, DCCSYT, SDTCSYT) VALUES
(757, 'Khoa Phuc hoi chuc nang - Benh vien Da khoa Quoc te Vinmec Times City', 'Da Nang', 99999999999);
INSERT INTO CSYT(MACSYT, TENCSYT, DCCSYT, SDTCSYT) VALUES
(837, 'Ho kinh doanh Phong kham chuyen khoa Rang Ham Mat - Nha khoa Paris	', 'TP.HCM', 89699664783);
INSERT INTO CSYT(MACSYT, TENCSYT, DCCSYT, SDTCSYT) VALUES
(156, 'Phong kham chuyen khoa Rang ham mat (02 ghe may nha khoa)', 'Binh Duong', 47121833364);
INSERT INTO CSYT(MACSYT, TENCSYT, DCCSYT, SDTCSYT) VALUES
(935, 'Phong kham chuyen khoa Phau thuat tham my', 'Ha Noi', 98699664781);
INSERT INTO CSYT(MACSYT, TENCSYT, DCCSYT, SDTCSYT) VALUES
(254, 'Cong ty TNHH Phau thuat Tham my NAMSAN', 'Da Nang', 66739258847);
INSERT INTO CSYT(MACSYT, TENCSYT, DCCSYT, SDTCSYT) VALUES
(838, 'Phong kham chuyen khoa Rang Ham Mat (Nha khoa) San Dentist thuoc Cong ty TNHH Dau tu Quoc te San Group', 'Can Tho', 75739258848);
INSERT INTO CSYT(MACSYT, TENCSYT, DCCSYT, SDTCSYT) VALUES
(936, 'Phong kham Shine Beam - Cong ty TNHH Mement Viet Nam	', 'TP.HCM', 56121833365);
INSERT INTO CSYT(MACSYT, TENCSYT, DCCSYT, SDTCSYT) VALUES
(839, 'Benh vien Tu Du', 'Binh Duong', 47121833365);
INSERT INTO CSYT(MACSYT, TENCSYT, DCCSYT, SDTCSYT) VALUES
(413, 'Cong ty TNHH Nha khoa APONA (ten cu: Cong ty TNHH San xuat Thuong mai Dich vu Ky thuat Nam Anh)', 'Da Nang', 31921621346);
INSERT INTO CSYT(MACSYT, TENCSYT, DCCSYT, SDTCSYT) VALUES
(355, 'Cong ty TNHH Phong kham Gia Dinh Thanh pho Ho Chi Minh', 'Ha Noi', 25823127217);
INSERT INTO CSYT(MACSYT, TENCSYT, DCCSYT, SDTCSYT) VALUES
(255, 'Phong kham chuyen khoa Nhi', 'Binh Duong', 89699664784);
INSERT INTO CSYT(MACSYT, TENCSYT, DCCSYT, SDTCSYT) VALUES
(657, 'Chi nhanh Cong ty TNHH Cham soc suc khoe C.C', 'Can Tho', 66739258848);
INSERT INTO CSYT(MACSYT, TENCSYT, DCCSYT, SDTCSYT) VALUES
(514, 'Cong ty Co phan Tu hao suc khoe Quoc Te', 'TP.HCM', 40921621347);
INSERT INTO CSYT(MACSYT, TENCSYT, DCCSYT, SDTCSYT) VALUES
(758, 'Chi nhanh Cong ty TNHH Trung tam Nha khoa Dr Hung va cong su - Trung tam nha khoa HD HCM	', 'Da Nang', 98699664782);
INSERT INTO CSYT(MACSYT, TENCSYT, DCCSYT, SDTCSYT) VALUES
(56, 'Phong kham chuyen khoa chan thuong chinh hinh', 'TP.HCM', 31921621347);
INSERT INTO CSYT(MACSYT, TENCSYT, DCCSYT, SDTCSYT) VALUES
(356, 'Phong kham Noi tong hop', 'Binh Duong', 56121833366);
INSERT INTO CSYT(MACSYT, TENCSYT, DCCSYT, SDTCSYT) VALUES
(937, 'Cong ty TNHH Nha khoa Eden', 'Ha Noi', 40921621348);
INSERT INTO CSYT(MACSYT, TENCSYT, DCCSYT, SDTCSYT) VALUES
(658, 'Trung tam Suc khoe phu nu - Benh vien Da khoa Quoc te Vinmec Times City', 'Can Tho', 16823127217);
INSERT INTO CSYT(MACSYT, TENCSYT, DCCSYT, SDTCSYT) VALUES
(414, 'Chi nhanh Cong ty Co phan Phat trien Y te Victoria Healthcare - Phong kham da khoa DTH', 'Can Tho', 89699664785);
INSERT INTO CSYT(MACSYT, TENCSYT, DCCSYT, SDTCSYT) VALUES
(840, 'Phong kham chuyen khoa da lieu	', 'Da Nang', 75739258849);
INSERT INTO CSYT(MACSYT, TENCSYT, DCCSYT, SDTCSYT) VALUES
(938, 'Chi nhanh Cong ty TNHH Nha khoa Minh Duc', 'Binh Duong', 31921621348);
INSERT INTO CSYT(MACSYT, TENCSYT, DCCSYT, SDTCSYT) VALUES
(256, 'Phong kham chuyen khoa Tai Mui Hong', 'Ha Noi', 98699664783);
INSERT INTO CSYT(MACSYT, TENCSYT, DCCSYT, SDTCSYT) VALUES
(357, 'Khoa Noi tong hop - Benh vien Da khoa Quoc te Vinmec Times City', 'TP.HCM', 40921621349);
INSERT INTO CSYT(MACSYT, TENCSYT, DCCSYT, SDTCSYT) VALUES
(157, 'Ho kinh doanh Nha khoa Viet Quoc', 'Ha Noi', 89699664786);
INSERT INTO CSYT(MACSYT, TENCSYT, DCCSYT, SDTCSYT) VALUES
(257, 'Chi nhanh Cong ty TNHH Thuong mai - Dich vu Benh vien Cao Thang - Phong kham Mat Quoc te Cao Thang', 'Da Nang', 66739258849);
INSERT INTO CSYT(MACSYT, TENCSYT, DCCSYT, SDTCSYT) VALUES
(515, 'Phong chan tri Y hoc co truyen', 'TP.HCM', 98699664784);
INSERT INTO CSYT(MACSYT, TENCSYT, DCCSYT, SDTCSYT) VALUES
(57, 'Cong ty TNHH Thinh giac Nhan Ai', 'Binh Duong', 89699664787);
INSERT INTO CSYT(MACSYT, TENCSYT, DCCSYT, SDTCSYT) VALUES
(358, 'Cong ty TNHH Ong Sun', 'Can Tho', 75739258850);
INSERT INTO CSYT(MACSYT, TENCSYT, DCCSYT, SDTCSYT) VALUES
(258, 'Phong kham chuyen khoa Tri lieu Than kinh cot song Hoa Ky', 'TP.HCM', 47121833366);
INSERT INTO CSYT(MACSYT, TENCSYT, DCCSYT, SDTCSYT) VALUES
(359, 'Trung tam Ho tro sinh san - Benh vien Da khoa Quoc te Vinmec Times City', 'Can Tho', 98699664785);
INSERT INTO CSYT(MACSYT, TENCSYT, DCCSYT, SDTCSYT) VALUES
(415, 'Phong kham da khoa Hoa Sen', 'Binh Duong', 25823127218);
INSERT INTO CSYT(MACSYT, TENCSYT, DCCSYT, SDTCSYT) VALUES
(841, 'Khoa Kham benh - Benh vien Da khoa Quoc te Vinmec Times City', 'Ha Noi', 89699664788);
INSERT INTO CSYT(MACSYT, TENCSYT, DCCSYT, SDTCSYT) VALUES
(759, 'Cong ty TNHH Phau thuat tham my Quoc Te VIP', 'Da Nang', 56121833367);
INSERT INTO CSYT(MACSYT, TENCSYT, DCCSYT, SDTCSYT) VALUES
(158, 'Trung tam Tham my Vinmec - View, Benh vien Da khoa Quoc te Vinmec Times City', 'TP.HCM', 98699664786);
INSERT INTO CSYT(MACSYT, TENCSYT, DCCSYT, SDTCSYT) VALUES
(659, 'Trung tam Nhi - Benh vien Da khoa Quoc te Vinmec Times City', 'Da Nang', 66739258850);

--
-- Inserting data into table BENHNHAN
--
INSERT INTO BENHNHAN(MABN, MACSYT, TENBN, CMND, NGAYSINH, SONHA, TENDUONG, QUANHUYEN, TINHTP, TIENSUBENH, TIENSUBENHGD, DIUNGTHUOC) VALUES
(283626, 838, 'Vu Ngoc Minh Trung', 666208552341, '03/08/1961 00:00:00', 269, 'Le Van Huu', 'Quan Binh Tan', 'Nghe An', 'Cholesterol cao', NULL, 'AQWE');
INSERT INTO BENHNHAN(MABN, MACSYT, TENBN, CMND, NGAYSINH, SONHA, TENDUONG, QUANHUYEN, TINHTP, TIENSUBENH, TIENSUBENHGD, DIUNGTHUOC) VALUES
(480041, 158, 'Nguyen Trung Thinh', 327920678968, '11/13/1968 00:00:00', 782, 'Dien Bien Phu', 'Ham Yen', 'Dong Nai', NULL, 'Benh mau kho dong di truyen (Hemophilie A)', NULL);
INSERT INTO BENHNHAN(MABN, MACSYT, TENBN, CMND, NGAYSINH, SONHA, TENDUONG, QUANHUYEN, TINHTP, TIENSUBENH, TIENSUBENHGD, DIUNGTHUOC) VALUES
(580042, 258, 'Ä?ang Trong Trinh', 602926572225, '10/28/1992 00:00:00', 271, 'Le Thanh Ton', 'Quan 8', 'Thanh pho Da Nang', NULL, NULL, 'RTHR');
INSERT INTO BENHNHAN(MABN, MACSYT, TENBN, CMND, NGAYSINH, SONHA, TENDUONG, QUANHUYEN, TINHTP, TIENSUBENH, TIENSUBENHGD, DIUNGTHUOC) VALUES
(83050, 757, 'Bui Khanh Hung', 434264367293, '03/15/1987 00:00:00', 886, 'Vo Van Tan', 'Quan 4', 'Ninh Binh', NULL, 'Benh tim', 'SBVN');
INSERT INTO BENHNHAN(MABN, MACSYT, TENBN, CMND, NGAYSINH, SONHA, TENDUONG, QUANHUYEN, TINHTP, TIENSUBENH, TIENSUBENHGD, DIUNGTHUOC) VALUES
(836708, 657, 'Pham Thien An', 334687631763, '12/07/1982 00:00:00', 235, 'Nguyen Trong Tuyen', 'Quan 9', 'Quang Binh', NULL, 'Benh dong kinh', NULL);
INSERT INTO BENHNHAN(MABN, MACSYT, TENBN, CMND, NGAYSINH, SONHA, TENDUONG, QUANHUYEN, TINHTP, TIENSUBENH, TIENSUBENHGD, DIUNGTHUOC) VALUES
(480042, 157, 'Tran Kien Hung', 746720999813, '02/23/1986 00:00:00', 835, 'Phan Boi Chau', 'Ha Tien', 'Ha Nam', NULL, NULL, 'SDFSGH');
INSERT INTO BENHNHAN(MABN, MACSYT, TENBN, CMND, NGAYSINH, SONHA, TENDUONG, QUANHUYEN, TINHTP, TIENSUBENH, TIENSUBENHGD, DIUNGTHUOC) VALUES
(783535, 359, 'Nguyen Thi Huynh Anh', 614172538613, '09/25/1995 00:00:00', 188, 'Nguyen Van Troi', 'Can Giuoc', 'Thanh pho Can Tho', 'Ung thu', 'Benh mau kho dong di truyen (Hemophilie A)', NULL);
INSERT INTO BENHNHAN(MABN, MACSYT, TENBN, CMND, NGAYSINH, SONHA, TENDUONG, QUANHUYEN, TINHTP, TIENSUBENH, TIENSUBENHGD, DIUNGTHUOC) VALUES
(183051, 658, 'Le Thai Toan', 611955183474, '09/11/1961 00:00:00', 236, 'Tran Quoc Tuan', 'Quan 5', 'Ha Giang', 'Huyet ap cao', NULL, 'CVHBC');
INSERT INTO BENHNHAN(MABN, MACSYT, TENBN, CMND, NGAYSINH, SONHA, TENDUONG, QUANHUYEN, TINHTP, TIENSUBENH, TIENSUBENHGD, DIUNGTHUOC) VALUES
(383627, 936, 'Vu Ä?uc Minh', 192548649095, '03/04/1960 00:00:00', 360, 'Dong Khoi', 'Dong Anh', 'Thai Binh', 'Dot quy', 'Benh dong kinh', 'CZXV');
INSERT INTO BENHNHAN(MABN, MACSYT, TENBN, CMND, NGAYSINH, SONHA, TENDUONG, QUANHUYEN, TINHTP, TIENSUBENH, TIENSUBENHGD, DIUNGTHUOC) VALUES
(580043, 837, 'Vo Tien Khoa', 769234484863, '12/27/1964 00:00:00', 597, 'Cong Quynh', 'Huyen Can Gio', 'Thanh pho Ha Noi', 'Benh tieu duong', 'Benh tim', 'DFG');
INSERT INTO BENHNHAN(MABN, MACSYT, TENBN, CMND, NGAYSINH, SONHA, TENDUONG, QUANHUYEN, TINHTP, TIENSUBENH, TIENSUBENHGD, DIUNGTHUOC) VALUES
(83051, 514, 'Huynh Ä?uc Ngoc Diep', 983570770969, '09/05/1966 00:00:00', 801, 'Nguyen Dinh Chieu', 'Do Luong', 'Tien Giang', 'Benh tim', NULL, NULL);
INSERT INTO BENHNHAN(MABN, MACSYT, TENBN, CMND, NGAYSINH, SONHA, TENDUONG, QUANHUYEN, TINHTP, TIENSUBENH, TIENSUBENHGD, DIUNGTHUOC) VALUES
(283627, 835, 'Nguyen Tien Thinh', 898303407953, '01/05/1960 00:00:00', 539, 'Tran Quang Khai', 'Quan Tan Binh', 'Dong Thap', 'Cholesterol cao', 'Benh tim', 'RTHT');
INSERT INTO BENHNHAN(MABN, MACSYT, TENBN, CMND, NGAYSINH, SONHA, TENDUONG, QUANHUYEN, TINHTP, TIENSUBENH, TIENSUBENHGD, DIUNGTHUOC) VALUES
(183052, 839, 'Nguyen Le Minh', 793308023464, '09/03/1989 00:00:00', 540, 'Nam Ky Khoi Nghia', 'Huyen Nha Be', 'Khanh Hoa', NULL, NULL, NULL);
INSERT INTO BENHNHAN(MABN, MACSYT, TENBN, CMND, NGAYSINH, SONHA, TENDUONG, QUANHUYEN, TINHTP, TIENSUBENH, TIENSUBENHGD, DIUNGTHUOC) VALUES
(683535, 257, 'Nguyen Tien Khoa', 435716021121, '01/01/1960 00:00:00', 644, 'Dang Tran Con', 'Quan Binh Thanh', 'Gia Lai', NULL, 'Benh dong kinh', 'ABCD');
INSERT INTO BENHNHAN(MABN, MACSYT, TENBN, CMND, NGAYSINH, SONHA, TENDUONG, QUANHUYEN, TINHTP, TIENSUBENH, TIENSUBENHGD, DIUNGTHUOC) VALUES
(383628, 156, 'Tran Diem Tu', 496110799825, '09/26/1960 00:00:00', 644, 'Le Loi', 'Ben Cat', 'Thanh pho Ho Chi Minh', NULL, 'Benh mau kho dong di truyen (Hemophilie A)', NULL);
INSERT INTO BENHNHAN(MABN, MACSYT, TENBN, CMND, NGAYSINH, SONHA, TENDUONG, QUANHUYEN, TINHTP, TIENSUBENH, TIENSUBENHGD, DIUNGTHUOC) VALUES
(783536, 55, 'Le Nguyen Thuy Vy', 864228086582, '12/20/1971 00:00:00', 30, 'Ho Tung Mau', 'Quan 1', 'Quang Tri', NULL, NULL, 'GFVBH');
INSERT INTO BENHNHAN(MABN, MACSYT, TENBN, CMND, NGAYSINH, SONHA, TENDUONG, QUANHUYEN, TINHTP, TIENSUBENH, TIENSUBENHGD, DIUNGTHUOC) VALUES
(480043, 759, 'Le Ho Minh Duy', 559118310299, '03/21/1972 00:00:00', 151, 'Ly Chien Thang', 'Huyen Hoc Mon', 'Lao Cai', NULL, 'Benh dong kinh', 'TFRG');
INSERT INTO BENHNHAN(MABN, MACSYT, TENBN, CMND, NGAYSINH, SONHA, TENDUONG, QUANHUYEN, TINHTP, TIENSUBENH, TIENSUBENHGD, DIUNGTHUOC) VALUES
(283628, 933, 'Nguyen Quoc Minh Truc', 441063993487, '07/30/1962 00:00:00', 598, 'Pham Ngoc Thach', 'Quan 6', 'Tra Vinh', 'Huyet ap cao', NULL, 'RTURT');
INSERT INTO BENHNHAN(MABN, MACSYT, TENBN, CMND, NGAYSINH, SONHA, TENDUONG, QUANHUYEN, TINHTP, TIENSUBENH, TIENSUBENHGD, DIUNGTHUOC) VALUES
(383629, 659, 'Nguyen Hoang Phuc', 318584070038, '02/25/1972 00:00:00', 713, 'Truong Sa', 'Bau Bang', 'Lang Son', 'Ung thu', 'Benh tim', 'FHJG');
INSERT INTO BENHNHAN(MABN, MACSYT, TENBN, CMND, NGAYSINH, SONHA, TENDUONG, QUANHUYEN, TINHTP, TIENSUBENH, TIENSUBENHGD, DIUNGTHUOC) VALUES
(283629, 414, 'Nguyen Vu Anh Thu', 313627428421, '03/23/1960 00:00:00', 677, 'Le Duan', 'Cua Lo', 'Kon Tum', 'Benh tim', 'Benh mau kho dong di truyen (Hemophilie A)', 'JGYUT');
INSERT INTO BENHNHAN(MABN, MACSYT, TENBN, CMND, NGAYSINH, SONHA, TENDUONG, QUANHUYEN, TINHTP, TIENSUBENH, TIENSUBENHGD, DIUNGTHUOC) VALUES
(383630, 415, 'Tran Ngoc Bao', 313578694944, '09/16/1964 00:00:00', 511, 'Tran Quoc Toan', 'Hai Ba Trung', 'Son La', 'Dot quy', NULL, 'QQWQ');
INSERT INTO BENHNHAN(MABN, MACSYT, TENBN, CMND, NGAYSINH, SONHA, TENDUONG, QUANHUYEN, TINHTP, TIENSUBENH, TIENSUBENHGD, DIUNGTHUOC) VALUES
(936706, 756, 'Diep Hai Trieu', 470222811181, '03/25/1966 00:00:00', 339, 'Mac Thi Buoi', 'Huyen Binh Chanh', 'Hau Giang', 'Benh tieu duong', 'Benh tim', 'SBVN');
INSERT INTO BENHNHAN(MABN, MACSYT, TENBN, CMND, NGAYSINH, SONHA, TENDUONG, QUANHUYEN, TINHTP, TIENSUBENH, TIENSUBENHGD, DIUNGTHUOC) VALUES
(580044, 412, 'Nguyen Ä?inh Anh Tuan', 298256624777, '03/02/1991 00:00:00', 853, 'No Trang Long', 'Duong Minh Chau', 'Vinh Phuc', 'Huyet ap cao', NULL, NULL);
INSERT INTO BENHNHAN(MABN, MACSYT, TENBN, CMND, NGAYSINH, SONHA, TENDUONG, QUANHUYEN, TINHTP, TIENSUBENH, TIENSUBENHGD, DIUNGTHUOC) VALUES
(480044, 413, 'Vu Kim Yen', 956941403275, '01/03/1997 00:00:00', 119, 'Nguyen Trai ', 'Quan 2', 'Tay Ninh', NULL, 'Benh dong kinh', 'SDFSGH');
INSERT INTO BENHNHAN(MABN, MACSYT, TENBN, CMND, NGAYSINH, SONHA, TENDUONG, QUANHUYEN, TINHTP, TIENSUBENH, TIENSUBENHGD, DIUNGTHUOC) VALUES
(683536, 155, 'Hua Tuan Huu', 151278115213, '11/08/1960 00:00:00', 101, 'Nguyen Huu Canh', 'Quan 7', 'Phu Tho', NULL, 'Benh mau kho dong di truyen (Hemophilie A)', 'CZXV');
INSERT INTO BENHNHAN(MABN, MACSYT, TENBN, CMND, NGAYSINH, SONHA, TENDUONG, QUANHUYEN, TINHTP, TIENSUBENH, TIENSUBENHGD, DIUNGTHUOC) VALUES
(580045, 935, 'Vo Ngoc Nguyen Minh', 462889306485, '05/25/1964 00:00:00', 686, 'Bui Thi Xuan', 'Quan 3', 'Hai Duong', NULL, NULL, NULL);
INSERT INTO BENHNHAN(MABN, MACSYT, TENBN, CMND, NGAYSINH, SONHA, TENDUONG, QUANHUYEN, TINHTP, TIENSUBENH, TIENSUBENHGD, DIUNGTHUOC) VALUES
(783537, 758, 'Huynh Xuan Tin', 270164181964, '08/22/1960 00:00:00', 416, 'Xo Viet Nghe Tinh', 'Cai Be', 'Yen Bai', NULL, 'Benh tim', 'AQWE');
INSERT INTO BENHNHAN(MABN, MACSYT, TENBN, CMND, NGAYSINH, SONHA, TENDUONG, QUANHUYEN, TINHTP, TIENSUBENH, TIENSUBENHGD, DIUNGTHUOC) VALUES
(836709, 355, 'Nguyen Phuc Khang', 549063661988, '03/28/1960 00:00:00', 435, 'Nguyen Van Cu', 'Binh Giang', 'Lam Dong', NULL, NULL, NULL);
INSERT INTO BENHNHAN(MABN, MACSYT, TENBN, CMND, NGAYSINH, SONHA, TENDUONG, QUANHUYEN, TINHTP, TIENSUBENH, TIENSUBENHGD, DIUNGTHUOC) VALUES
(283630, 515, 'Vu Trung Kien', 884075339864, '01/18/1987 00:00:00', 6, 'Pham Ngu Lao', 'Quan Tan Phu', 'Ha Tinh', 'Benh tim', 'Benh dong kinh', 'DFG');
INSERT INTO BENHNHAN(MABN, MACSYT, TENBN, CMND, NGAYSINH, SONHA, TENDUONG, QUANHUYEN, TINHTP, TIENSUBENH, TIENSUBENHGD, DIUNGTHUOC) VALUES
(480045, 841, 'Pham Lan Anh', 971090612942, '04/07/1960 00:00:00', 504, 'Nguyen Thai Binh', 'Huyen Cu Chi', 'Ninh Thuan', 'Cholesterol cao', 'Benh mau kho dong di truyen (Hemophilie A)', 'RTHR');
INSERT INTO BENHNHAN(MABN, MACSYT, TENBN, CMND, NGAYSINH, SONHA, TENDUONG, QUANHUYEN, TINHTP, TIENSUBENH, TIENSUBENHGD, DIUNGTHUOC) VALUES
(580046, 354, 'Vuong Trung Tin', 450498725124, '06/29/1990 00:00:00', 488, 'Phung Khac Khoan', 'Dau Tieng', 'Vinh Long', 'Dot quy', NULL, 'GFVBH');
INSERT INTO BENHNHAN(MABN, MACSYT, TENBN, CMND, NGAYSINH, SONHA, TENDUONG, QUANHUYEN, TINHTP, TIENSUBENH, TIENSUBENHGD, DIUNGTHUOC) VALUES
(683537, 932, 'Vo Nguyen Hoang Anh', 580359852833, '02/11/1980 00:00:00', 846, 'Ton That Thiep', 'Cam Giang', 'Quang Ninh', 'Benh tieu duong', 'Benh tim', NULL);
INSERT INTO BENHNHAN(MABN, MACSYT, TENBN, CMND, NGAYSINH, SONHA, TENDUONG, QUANHUYEN, TINHTP, TIENSUBENH, TIENSUBENHGD, DIUNGTHUOC) VALUES
(83052, 836, 'Hoang Nguyen Phuc Nguyen Chuon', 438131315685, '01/09/1994 00:00:00', 354, 'Ham Nghi', 'Dong Ha', 'An Giang', 'Ung thu', NULL, 'RTHT');
INSERT INTO BENHNHAN(MABN, MACSYT, TENBN, CMND, NGAYSINH, SONHA, TENDUONG, QUANHUYEN, TINHTP, TIENSUBENH, TIENSUBENHGD, DIUNGTHUOC) VALUES
(783538, 254, 'Ha Ä?inh Ä?uc Huy', 468279517381, '11/26/1969 00:00:00', 624, 'Le Lai', 'Quan Thu Duc', 'Ba Ria Vung Tau', 'Huyet ap cao', 'Benh mau kho dong di truyen (Hemophilie A)', NULL);
INSERT INTO BENHNHAN(MABN, MACSYT, TENBN, CMND, NGAYSINH, SONHA, TENDUONG, QUANHUYEN, TINHTP, TIENSUBENH, TIENSUBENHGD, DIUNGTHUOC) VALUES
(683538, 57, 'Nguyen Thanh Danh', 789840326869, '10/10/1990 00:00:00', 337, 'Truong Dinh', 'Quan 10', 'Thanh Hoa', NULL, 'Benh dong kinh', 'RTURT');
INSERT INTO BENHNHAN(MABN, MACSYT, TENBN, CMND, NGAYSINH, SONHA, TENDUONG, QUANHUYEN, TINHTP, TIENSUBENH, TIENSUBENHGD, DIUNGTHUOC) VALUES
(783539, 934, 'Bui Minh Nhat', 966392978774, '05/01/1988 00:00:00', 807, 'Ton Duc Thang', 'Di An', 'Phu Yen', NULL, NULL, NULL);
INSERT INTO BENHNHAN(MABN, MACSYT, TENBN, CMND, NGAYSINH, SONHA, TENDUONG, QUANHUYEN, TINHTP, TIENSUBENH, TIENSUBENHGD, DIUNGTHUOC) VALUES
(383631, 256, 'Ä?ang Huynh Tran', 486965094212, '03/28/1993 00:00:00', 942, 'Cach Mang Thang 8', 'Quan Go Vap', 'Bac Lieu', NULL, 'Benh tim', 'ABCD');
INSERT INTO BENHNHAN(MABN, MACSYT, TENBN, CMND, NGAYSINH, SONHA, TENDUONG, QUANHUYEN, TINHTP, TIENSUBENH, TIENSUBENHGD, DIUNGTHUOC) VALUES
(283631, 358, 'Nguyen Thi Thuy Linh', 890555722252, '12/31/1994 00:00:00', 1, 'Nguyen Thi Minh Khai', 'Cam Xuyen', 'Kien Giang', NULL, NULL, 'TFRG');
INSERT INTO BENHNHAN(MABN, MACSYT, TENBN, CMND, NGAYSINH, SONHA, TENDUONG, QUANHUYEN, TINHTP, TIENSUBENH, TIENSUBENHGD, DIUNGTHUOC) VALUES
(183053, 656, 'Pham Ngoc Thanh Thao', 781885166317, '08/01/1991 00:00:00', 662, 'Cao Ba Quat', 'Quan 11', 'Thua Thien Hue', NULL, 'Benh dong kinh', 'CVHBC');
INSERT INTO BENHNHAN(MABN, MACSYT, TENBN, CMND, NGAYSINH, SONHA, TENDUONG, QUANHUYEN, TINHTP, TIENSUBENH, TIENSUBENHGD, DIUNGTHUOC) VALUES
(383632, 513, 'Tran Thai Van Anh', 174341468134, '09/02/1988 00:00:00', 153, 'Nguyen Du', 'Quan Phu Nhuan', 'Quang Ngai', 'Cholesterol cao', 'Benh mau kho dong di truyen (Hemophilie A)', 'QQWQ');
INSERT INTO BENHNHAN(MABN, MACSYT, TENBN, CMND, NGAYSINH, SONHA, TENDUONG, QUANHUYEN, TINHTP, TIENSUBENH, TIENSUBENHGD, DIUNGTHUOC) VALUES
(480046, 840, 'Ä?ang Hoang Phi', 515676697452, '07/22/1984 00:00:00', 587, 'Nguyen Thien Thuat', 'Quan 12', 'Thanh pho Hai Phong', 'Benh tim', NULL, 'FHJG');
INSERT INTO BENHNHAN(MABN, MACSYT, TENBN, CMND, NGAYSINH, SONHA, TENDUONG, QUANHUYEN, TINHTP, TIENSUBENH, TIENSUBENHGD, DIUNGTHUOC) VALUES
(580047, 56, 'Tang Du Linh', 985036583690, '09/04/1989 00:00:00', 968, 'Nguyen Thai Hoc', 'Dien Bien Phu', 'Binh Dinh', 'Benh tieu duong', 'Benh tim', 'JGYUT');
INSERT INTO BENHNHAN(MABN, MACSYT, TENBN, CMND, NGAYSINH, SONHA, TENDUONG, QUANHUYEN, TINHTP, TIENSUBENH, TIENSUBENHGD, DIUNGTHUOC) VALUES
(683539, 938, 'Nguyen Thi Anh Thu', 931862590356, '10/31/1991 00:00:00', 579, 'Vo Thi Sau', 'Quan Binh Tan', 'Ben Tre', 'Ung thu', NULL, 'RTHR');
INSERT INTO BENHNHAN(MABN, MACSYT, TENBN, CMND, NGAYSINH, SONHA, TENDUONG, QUANHUYEN, TINHTP, TIENSUBENH, TIENSUBENHGD, DIUNGTHUOC) VALUES
(83053, 356, 'Bui Hua Xuan Huy', 534352047863, '06/22/1960 00:00:00', 968, 'Tran Hung Dao', 'Quan 8', 'Long An', 'Dot quy', 'Benh dong kinh', NULL);
INSERT INTO BENHNHAN(MABN, MACSYT, TENBN, CMND, NGAYSINH, SONHA, TENDUONG, QUANHUYEN, TINHTP, TIENSUBENH, TIENSUBENHGD, DIUNGTHUOC) VALUES
(936707, 255, 'Vu Ngoc Khanh Trang', 432927224355, '05/21/1960 00:00:00', 168, 'Nguyen Van Troi', 'Huyen Can Gio', 'Thai Nguyen', 'Cholesterol cao', 'Benh mau kho dong di truyen (Hemophilie A)', 'AQWE');
INSERT INTO BENHNHAN(MABN, MACSYT, TENBN, CMND, NGAYSINH, SONHA, TENDUONG, QUANHUYEN, TINHTP, TIENSUBENH, TIENSUBENHGD, DIUNGTHUOC) VALUES
(783540, 357, 'Vo Thi Bich Loan', 336617942536, '05/06/1983 00:00:00', 764, 'Cong Quynh', 'Can Giuoc', 'Ca Mau', NULL, NULL, 'RTHT');
INSERT INTO BENHNHAN(MABN, MACSYT, TENBN, CMND, NGAYSINH, SONHA, TENDUONG, QUANHUYEN, TINHTP, TIENSUBENH, TIENSUBENHGD, DIUNGTHUOC) VALUES
(683540, 937, 'Nguyen Ä?inh Loc', 698530547881, '12/16/1980 00:00:00', 675, 'Vo Van Tan', 'Ham Yen', 'Bac Giang', NULL, 'Benh mau kho dong di truyen (Hemophilie A)', NULL);

--
-- Inserting data into table NHANVIEN
--
INSERT INTO NHANVIEN(MANV, HOTEN, PHAI, NGAYSINH, CMND, QUEQUAN, SODT, CSYT, VAITRO, CHUYENKHOA) VALUES
(383785, 'Dinh Cong Thanh', 'Nu', '04/09/1978 00:00:00', 986834250914, 'Hau Giang', 594711702, 56, 'Co so y te', NULL);
INSERT INTO NHANVIEN(MANV, HOTEN, PHAI, NGAYSINH, CMND, QUEQUAN, SODT, CSYT, VAITRO, CHUYENKHOA) VALUES
(154767, 'Truong Thanh Lich', 'Nam', '01/18/1960 00:00:00', 564804330989, 'Vinh Long', 829970990, 257, 'Thanh tra', NULL);
INSERT INTO NHANVIEN(MANV, HOTEN, PHAI, NGAYSINH, CMND, QUEQUAN, SODT, CSYT, VAITRO, CHUYENKHOA) VALUES
(283785, 'Luong Phu Thinh', 'Nam', '06/08/1970 00:00:00', 866642948242, 'Thanh Hoa', 919970988, 759, 'Nghien cuu', NULL);
INSERT INTO NHANVIEN(MANV, HOTEN, PHAI, NGAYSINH, CMND, QUEQUAN, SODT, CSYT, VAITRO, CHUYENKHOA) VALUES
(54767, 'Nguyen Thanh Phong', 'Nu', '05/13/1971 00:00:00', 120379089948, 'Phu Yen', 434604771, 835, 'Y si/bac si', NULL);
INSERT INTO NHANVIEN(MANV, HOTEN, PHAI, NGAYSINH, CMND, QUEQUAN, SODT, CSYT, VAITRO, CHUYENKHOA) VALUES
(154768, 'Nguyen Van Sang', 'Nu', '08/29/1965 00:00:00', 534192156058, 'Phu Tho', 676731019, 938, 'Co so y te', NULL);
INSERT INTO NHANVIEN(MANV, HOTEN, PHAI, NGAYSINH, CMND, QUEQUAN, SODT, CSYT, VAITRO, CHUYENKHOA) VALUES
(54768, 'Nguyen Trong Hung', 'Nam', '07/29/1971 00:00:00', 517993217121, 'Thua Thien Hue', 999999999, 841, 'Thanh tra', NULL);
INSERT INTO NHANVIEN(MANV, HOTEN, PHAI, NGAYSINH, CMND, QUEQUAN, SODT, CSYT, VAITRO, CHUYENKHOA) VALUES
(839861, 'Huynh Hoang Sang', 'Nu', '02/13/1960 00:00:00', 477317360441, 'An Giang', 766731020, 657, 'Y si/bac si', NULL);
INSERT INTO NHANVIEN(MANV, HOTEN, PHAI, NGAYSINH, CMND, QUEQUAN, SODT, CSYT, VAITRO, CHUYENKHOA) VALUES
(507521, 'Vu Tran Quoc Huy', 'Nam', '05/12/1973 00:00:00', 527293643890, 'Ba Ria Vung Tau', 504711702, 515, 'Nghien cuu', NULL);
INSERT INTO NHANVIEN(MANV, HOTEN, PHAI, NGAYSINH, CMND, QUEQUAN, SODT, CSYT, VAITRO, CHUYENKHOA) VALUES
(407521, 'Vu Xuan Thinh', 'Nu', '02/03/1998 00:00:00', 808600716447, 'Bac Lieu', 594711703, 356, 'Nghien cuu', NULL);
INSERT INTO NHANVIEN(MANV, HOTEN, PHAI, NGAYSINH, CMND, QUEQUAN, SODT, CSYT, VAITRO, CHUYENKHOA) VALUES
(154769, 'Le Thanh Hien', 'Nam', '06/27/1982 00:00:00', 767268041484, 'Kien Giang', 344604771, 841, 'Thanh tra', NULL);
INSERT INTO NHANVIEN(MANV, HOTEN, PHAI, NGAYSINH, CMND, QUEQUAN, SODT, CSYT, VAITRO, CHUYENKHOA) VALUES
(54769, 'Dang Xuan Danh', 'Nu', '01/18/1961 00:00:00', 886390573583, 'Quang Ngai', 676731020, 933, 'Y si/bac si', NULL);
INSERT INTO NHANVIEN(MANV, HOTEN, PHAI, NGAYSINH, CMND, QUEQUAN, SODT, CSYT, VAITRO, CHUYENKHOA) VALUES
(799526, 'Pham Dinh Van', 'Nam', '04/02/1961 00:00:00', 589388867264, 'Thai Nguyen', 766731021, 156, 'Co so y te', NULL);
INSERT INTO NHANVIEN(MANV, HOTEN, PHAI, NGAYSINH, CMND, QUEQUAN, SODT, CSYT, VAITRO, CHUYENKHOA) VALUES
(154770, 'Nguyen Thanh Do', 'Nu', '07/04/1966 00:00:00', 230283107574, 'Yen Bai', 434604772, 256, 'Thanh tra', NULL);
INSERT INTO NHANVIEN(MANV, HOTEN, PHAI, NGAYSINH, CMND, QUEQUAN, SODT, CSYT, VAITRO, CHUYENKHOA) VALUES
(54770, 'Mai Xuan Hieu', 'Nam', '04/20/1961 00:00:00', 337901016662, 'Hung Yen', 344604772, 156, 'Y si/bac si', NULL);
INSERT INTO NHANVIEN(MANV, HOTEN, PHAI, NGAYSINH, CMND, QUEQUAN, SODT, CSYT, VAITRO, CHUYENKHOA) VALUES
(699526, 'Luu Manh Quan', 'Nam', '06/08/1978 00:00:00', 774488960887, 'Tuyen Quang', 504711703, 258, 'Co so y te', NULL);
INSERT INTO NHANVIEN(MANV, HOTEN, PHAI, NGAYSINH, CMND, QUEQUAN, SODT, CSYT, VAITRO, CHUYENKHOA) VALUES
(799527, 'Thai Trieu Dong', 'Nu', '01/04/1973 00:00:00', 491712453811, 'Binh Dinh', 221406379, 357, 'Nghien cuu', NULL);
INSERT INTO NHANVIEN(MANV, HOTEN, PHAI, NGAYSINH, CMND, QUEQUAN, SODT, CSYT, VAITRO, CHUYENKHOA) VALUES
(939859, 'Duong Thi An', 'Nam', '11/13/1971 00:00:00', 341783904359, 'Nam Dinh', 434604773, 256, 'Co so y te', NULL);
INSERT INTO NHANVIEN(MANV, HOTEN, PHAI, NGAYSINH, CMND, QUEQUAN, SODT, CSYT, VAITRO, CHUYENKHOA) VALUES
(699527, 'Nguyen Hai Nam', 'Nu', '03/10/1996 00:00:00', 972722708108, 'Ben Tre', 829970991, 255, 'Y si/bac si', NULL);
INSERT INTO NHANVIEN(MANV, HOTEN, PHAI, NGAYSINH, CMND, QUEQUAN, SODT, CSYT, VAITRO, CHUYENKHOA) VALUES
(154771, 'Ho Van Tan', 'Nam', '12/07/1990 00:00:00', 291579125903, 'Quang Ninh', 676731021, 839, 'Nghien cuu', NULL);
INSERT INTO NHANVIEN(MANV, HOTEN, PHAI, NGAYSINH, CMND, QUEQUAN, SODT, CSYT, VAITRO, CHUYENKHOA) VALUES
(839862, 'Nguyen Hoang Tam', 'Nu', '03/08/1965 00:00:00', 489058526890, 'Quang Nam', 131406379, 357, 'Thanh tra', NULL);
INSERT INTO NHANVIEN(MANV, HOTEN, PHAI, NGAYSINH, CMND, QUEQUAN, SODT, CSYT, VAITRO, CHUYENKHOA) VALUES
(383786, 'Pham Dinh Khoi', 'Nu', '01/05/1960 00:00:00', 494006182569, 'Bac Ninh', 221406380, 937, 'Nghien cuu', NULL);
INSERT INTO NHANVIEN(MANV, HOTEN, PHAI, NGAYSINH, CMND, QUEQUAN, SODT, CSYT, VAITRO, CHUYENKHOA) VALUES
(507522, 'Vo Quoc Tho', 'Nam', '08/08/1961 00:00:00', 266042215921, 'Ninh Binh', 594711704, 255, 'Co so y te', NULL);
INSERT INTO NHANVIEN(MANV, HOTEN, PHAI, NGAYSINH, CMND, QUEQUAN, SODT, CSYT, VAITRO, CHUYENKHOA) VALUES
(407522, 'Duong Manh Cuong', 'Nam', '01/09/1960 00:00:00', 992098485414, 'Binh Duong', 919970989, 758, 'Thanh tra', NULL);
INSERT INTO NHANVIEN(MANV, HOTEN, PHAI, NGAYSINH, CMND, QUEQUAN, SODT, CSYT, VAITRO, CHUYENKHOA) VALUES
(283786, 'Le Van Minh Quang', 'Nu', '03/29/1994 00:00:00', 730972714969, 'Bac Giang', 504711704, 513, 'Y si/bac si', NULL);
INSERT INTO NHANVIEN(MANV, HOTEN, PHAI, NGAYSINH, CMND, QUEQUAN, SODT, CSYT, VAITRO, CHUYENKHOA) VALUES
(799528, 'Dang Phuoc Vinh', 'Nu', '08/08/1962 00:00:00', 312265663505, 'Dak Lak', 344604773, 938, 'Co so y te', NULL);
INSERT INTO NHANVIEN(MANV, HOTEN, PHAI, NGAYSINH, CMND, QUEQUAN, SODT, CSYT, VAITRO, CHUYENKHOA) VALUES
(939860, 'Tran Trung Thien', 'Nam', '11/19/1970 00:00:00', 372887180576, 'Long An', 434604774, 656, 'Thanh tra', NULL);
INSERT INTO NHANVIEN(MANV, HOTEN, PHAI, NGAYSINH, CMND, QUEQUAN, SODT, CSYT, VAITRO, CHUYENKHOA) VALUES
(54771, 'Pham Thanh Nha', 'Nu', '11/12/1999 00:00:00', 289792316958, 'Ca Mau', 766731022, 57, 'Nghien cuu', NULL);
INSERT INTO NHANVIEN(MANV, HOTEN, PHAI, NGAYSINH, CMND, QUEQUAN, SODT, CSYT, VAITRO, CHUYENKHOA) VALUES
(507523, 'Bui Hong An', 'Nam', '02/24/1990 00:00:00', 401858231710, 'Binh Thuan', 344604774, 354, 'Y si/bac si', NULL);
INSERT INTO NHANVIEN(MANV, HOTEN, PHAI, NGAYSINH, CMND, QUEQUAN, SODT, CSYT, VAITRO, CHUYENKHOA) VALUES
(839863, 'Le Ba Huynh Duc', 'Nam', '01/09/1960 00:00:00', 334744672895, 'Soc Trang', 594711705, 757, 'Thanh tra', NULL);
INSERT INTO NHANVIEN(MANV, HOTEN, PHAI, NGAYSINH, CMND, QUEQUAN, SODT, CSYT, VAITRO, CHUYENKHOA) VALUES
(154772, 'Tran Chi Thanh', 'Nu', '01/23/1981 00:00:00', 382592934573, 'Binh Phuoc', 434604775, 934, 'Y si/bac si', NULL);
INSERT INTO NHANVIEN(MANV, HOTEN, PHAI, NGAYSINH, CMND, QUEQUAN, SODT, CSYT, VAITRO, CHUYENKHOA) VALUES
(699528, 'Phan Van Qui', 'Nu', '07/18/1987 00:00:00', 522135397973, 'Thanh pho Can Tho', 131406380, 158, 'Nghien cuu', NULL);
INSERT INTO NHANVIEN(MANV, HOTEN, PHAI, NGAYSINH, CMND, QUEQUAN, SODT, CSYT, VAITRO, CHUYENKHOA) VALUES
(383787, 'Mai Huynh Thi Thuy Vuong', 'Nam', '04/02/1960 00:00:00', 752095823009, 'Ha Nam', 344604775, 756, 'Co so y te', NULL);
INSERT INTO NHANVIEN(MANV, HOTEN, PHAI, NGAYSINH, CMND, QUEQUAN, SODT, CSYT, VAITRO, CHUYENKHOA) VALUES
(939861, 'Truong Van Dac', 'Nam', '03/03/1989 00:00:00', 315416631485, 'Tien Giang', 676731022, 359, 'Co so y te', NULL);
INSERT INTO NHANVIEN(MANV, HOTEN, PHAI, NGAYSINH, CMND, QUEQUAN, SODT, CSYT, VAITRO, CHUYENKHOA) VALUES
(54772, 'Nguyen Ba Thong', 'Nu', '04/22/1985 00:00:00', 395849901130, 'Nghe An', 829970992, 938, 'Thanh tra', NULL);
INSERT INTO NHANVIEN(MANV, HOTEN, PHAI, NGAYSINH, CMND, QUEQUAN, SODT, CSYT, VAITRO, CHUYENKHOA) VALUES
(799529, 'Nguyen Huu Duc', 'Nam', '09/24/1967 00:00:00', 980751201613, 'Dien bien', 919970990, 355, 'Nghien cuu', NULL);
INSERT INTO NHANVIEN(MANV, HOTEN, PHAI, NGAYSINH, CMND, QUEQUAN, SODT, CSYT, VAITRO, CHUYENKHOA) VALUES
(283787, 'Dang Bui Anh Nhan', 'Nu', '04/05/1960 00:00:00', 731758266542, 'Bac Kan', 829970993, 254, 'Y si/bac si', NULL);
INSERT INTO NHANVIEN(MANV, HOTEN, PHAI, NGAYSINH, CMND, QUEQUAN, SODT, CSYT, VAITRO, CHUYENKHOA) VALUES
(699529, 'Pham Cong Danh', 'Nam', '09/05/1968 00:00:00', 617409997550, 'Hoa Binh', 766731023, 835, 'Co so y te', NULL);
INSERT INTO NHANVIEN(MANV, HOTEN, PHAI, NGAYSINH, CMND, QUEQUAN, SODT, CSYT, VAITRO, CHUYENKHOA) VALUES
(407523, 'Nguyen Le Anh Thi', 'Nu', '02/11/1999 00:00:00', 625631884765, 'Thanh pho Da Nang', 919970991, 659, 'Thanh tra', NULL);
INSERT INTO NHANVIEN(MANV, HOTEN, PHAI, NGAYSINH, CMND, QUEQUAN, SODT, CSYT, VAITRO, CHUYENKHOA) VALUES
(799530, 'Nguyen Minh Thuan', 'Nu', '03/07/1960 00:00:00', 637509698623, 'Cao Bang', 434604776, 413, 'Y si/bac si', NULL);
INSERT INTO NHANVIEN(MANV, HOTEN, PHAI, NGAYSINH, CMND, QUEQUAN, SODT, CSYT, VAITRO, CHUYENKHOA) VALUES
(383788, 'Dang Ngoc Duyen Anh', 'Nam', '08/11/1968 00:00:00', 265417484785, 'Dong Thap', 221406381, 359, 'Nghien cuu', NULL);
INSERT INTO NHANVIEN(MANV, HOTEN, PHAI, NGAYSINH, CMND, QUEQUAN, SODT, CSYT, VAITRO, CHUYENKHOA) VALUES
(283788, 'Vo Phuc Duy', 'Nam', '01/19/1960 00:00:00', 410971076909, 'Thai Binh', 829970994, 932, 'Thanh tra', NULL);
INSERT INTO NHANVIEN(MANV, HOTEN, PHAI, NGAYSINH, CMND, QUEQUAN, SODT, CSYT, VAITRO, CHUYENKHOA) VALUES
(507524, 'Nguyen Nhu Y', 'Nu', '10/28/1994 00:00:00', 804861389617, 'Lai Chau', 131406381, 57, 'Y si/bac si', NULL);
INSERT INTO NHANVIEN(MANV, HOTEN, PHAI, NGAYSINH, CMND, QUEQUAN, SODT, CSYT, VAITRO, CHUYENKHOA) VALUES
(407524, 'Tran Kim Cuc', 'Nam', '08/29/1961 00:00:00', 902820460027, 'Thanh pho Ha Noi', 676731023, 657, 'Co so y te', NULL);
INSERT INTO NHANVIEN(MANV, HOTEN, PHAI, NGAYSINH, CMND, QUEQUAN, SODT, CSYT, VAITRO, CHUYENKHOA) VALUES
(154773, 'Le Trung Thien', 'Nu', '12/18/1985 00:00:00', 608882164902, 'Quang Binh', 344604776, 356, 'Nghien cuu', NULL);
INSERT INTO NHANVIEN(MANV, HOTEN, PHAI, NGAYSINH, CMND, QUEQUAN, SODT, CSYT, VAITRO, CHUYENKHOA) VALUES
(507525, 'Tran Quoc Trung', 'Nam', '01/09/1967 00:00:00', 441060628681, 'Tra Vinh', 434604777, 938, 'Co so y te', NULL);
INSERT INTO NHANVIEN(MANV, HOTEN, PHAI, NGAYSINH, CMND, QUEQUAN, SODT, CSYT, VAITRO, CHUYENKHOA) VALUES
(699530, 'Vo Trong Nhan', 'Nu', '12/02/1996 00:00:00', 601868950057, 'Dak Nong', 504711705, 56, 'Nghien cuu', NULL);
INSERT INTO NHANVIEN(MANV, HOTEN, PHAI, NGAYSINH, CMND, QUEQUAN, SODT, CSYT, VAITRO, CHUYENKHOA) VALUES
(407525, 'Pham Quang Thien', 'Nu', '11/19/1992 00:00:00', 930186897653, 'Khanh Hoa', 594711706, 355, 'Thanh tra', NULL);
INSERT INTO NHANVIEN(MANV, HOTEN, PHAI, NGAYSINH, CMND, QUEQUAN, SODT, CSYT, VAITRO, CHUYENKHOA) VALUES
(383789, 'Nguyen Thi Hien Dieu', 'Nam', '04/12/1993 00:00:00', 491320405189, 'Quang Tri', 221406382, 840, 'Y si/bac si', NULL);
INSERT INTO NHANVIEN(MANV, HOTEN, PHAI, NGAYSINH, CMND, QUEQUAN, SODT, CSYT, VAITRO, CHUYENKHOA) VALUES
(283789, 'Hy A Tien', 'Nam', '09/20/1990 00:00:00', 323892697058, 'Vinh Phuc', 766731024, 57, 'Thanh tra', NULL);
INSERT INTO NHANVIEN(MANV, HOTEN, PHAI, NGAYSINH, CMND, QUEQUAN, SODT, CSYT, VAITRO, CHUYENKHOA) VALUES
(839864, 'Pham Thi Nhat Quynh', 'Nu', '04/06/1966 00:00:00', 789318605950, 'Dong Nai', 131406382, 934, 'Nghien cuu', NULL);

--
-- Inserting data into table HSBA
--
INSERT INTO HSBA(MAHSBA, MABN, NGAY, CHANDOAN, MABS, MAKHOA, MACSYT, KETLUAN) VALUES
(623925, 480045, NULL, NULL, 699527, 1, 841, 'Z');
INSERT INTO HSBA(MAHSBA, MABN, NGAY, CHANDOAN, MABS, MAKHOA, MACSYT, KETLUAN) VALUES
(875461, 783538, '02/19/2022 11:46:57', 'D', 383785, 939, 358, 'X');
INSERT INTO HSBA(MAHSBA, MABN, NGAY, CHANDOAN, MABS, MAKHOA, MACSYT, KETLUAN) VALUES
(965459, 383631, '03/09/2022 13:42:36', 'U', 699530, 8428, 756, 'N');
INSERT INTO HSBA(MAHSBA, MABN, NGAY, CHANDOAN, MABS, MAKHOA, MACSYT, KETLUAN) VALUES
(360038, 683536, '03/05/2022 12:39:02', 'W', 54769, 6012, 257, 'K');
INSERT INTO HSBA(MAHSBA, MABN, NGAY, CHANDOAN, MABS, MAKHOA, MACSYT, KETLUAN) VALUES
(740171, 283626, '02/20/2022 05:31:07', 'A', 699529, 3, 757, 'V');
INSERT INTO HSBA(MAHSBA, MABN, NGAY, CHANDOAN, MABS, MAKHOA, MACSYT, KETLUAN) VALUES
(533925, 480044, '01/21/2022 17:53:58', 'R', 54768, 2110, 841, 'Y');
INSERT INTO HSBA(MAHSBA, MABN, NGAY, CHANDOAN, MABS, MAKHOA, MACSYT, KETLUAN) VALUES
(875462, 383627, '02/07/2022 17:43:21', 'Z', 839862, 4451, 357, 'P');
INSERT INTO HSBA(MAHSBA, MABN, NGAY, CHANDOAN, MABS, MAKHOA, MACSYT, KETLUAN) VALUES
(965460, 580044, '01/31/2022 03:01:25', 'E', 839862, 2204, 839, 'T');
INSERT INTO HSBA(MAHSBA, MABN, NGAY, CHANDOAN, MABS, MAKHOA, MACSYT, KETLUAN) VALUES
(450039, 580047, '01/01/2022 00:03:18', 'B', 507522, 9773, 936, 'Q');
INSERT INTO HSBA(MAHSBA, MABN, NGAY, CHANDOAN, MABS, MAKHOA, MACSYT, KETLUAN) VALUES
(360039, 383627, '02/09/2022 11:03:19', 'X', 383787, 932, 838, 'H');
INSERT INTO HSBA(MAHSBA, MABN, NGAY, CHANDOAN, MABS, MAKHOA, MACSYT, KETLUAN) VALUES
(999999, 83051, '01/20/2022 23:07:32', 'V', 154769, 588, 656, 'B');
INSERT INTO HSBA(MAHSBA, MABN, NGAY, CHANDOAN, MABS, MAKHOA, MACSYT, KETLUAN) VALUES
(272692, 683540, '01/14/2022 18:30:45', 'M', 799527, 6421, 839, 'L');
INSERT INTO HSBA(MAHSBA, MABN, NGAY, CHANDOAN, MABS, MAKHOA, MACSYT, KETLUAN) VALUES
(875463, 580043, '01/13/2022 04:23:16', 'F', 54768, 57, 935, 'I');
INSERT INTO HSBA(MAHSBA, MABN, NGAY, CHANDOAN, MABS, MAKHOA, MACSYT, KETLUAN) VALUES
(623926, 83053, '02/27/2022 01:07:10', 'C', 799529, 1959, 358, 'U');
INSERT INTO HSBA(MAHSBA, MABN, NGAY, CHANDOAN, MABS, MAKHOA, MACSYT, KETLUAN) VALUES
(965461, 683538, '01/08/2022 07:02:44', 'Y', 939859, 657, 932, 'W');
INSERT INTO HSBA(MAHSBA, MABN, NGAY, CHANDOAN, MABS, MAKHOA, MACSYT, KETLUAN) VALUES
(450040, 580047, '02/19/2022 05:20:16', 'G', 154770, 792, 354, 'F');
INSERT INTO HSBA(MAHSBA, MABN, NGAY, CHANDOAN, MABS, MAKHOA, MACSYT, KETLUAN) VALUES
(360040, 283626, '03/10/2022 02:05:48', 'J', 407524, 8612, 57, 'C');
INSERT INTO HSBA(MAHSBA, MABN, NGAY, CHANDOAN, MABS, MAKHOA, MACSYT, KETLUAN) VALUES
(875464, 783536, '01/29/2022 05:24:40', 'N', 507521, 9263, 838, 'G');
INSERT INTO HSBA(MAHSBA, MABN, NGAY, CHANDOAN, MABS, MAKHOA, MACSYT, KETLUAN) VALUES
(182692, 580047, '02/14/2022 07:13:55', 'K', 507523, 7726, 659, 'D');
INSERT INTO HSBA(MAHSBA, MABN, NGAY, CHANDOAN, MABS, MAKHOA, MACSYT, KETLUAN) VALUES
(650171, 383632, '03/16/2022 21:07:23', 'H', 54772, 7900, 659, 'R');
INSERT INTO HSBA(MAHSBA, MABN, NGAY, CHANDOAN, MABS, MAKHOA, MACSYT, KETLUAN) VALUES
(740172, 580043, '01/01/2022 01:10:18', 'L', 939860, 992, 359, 'M');
INSERT INTO HSBA(MAHSBA, MABN, NGAY, CHANDOAN, MABS, MAKHOA, MACSYT, KETLUAN) VALUES
(533926, 383629, '03/10/2022 00:54:55', 'O', 507525, 7655, 756, 'O');
INSERT INTO HSBA(MAHSBA, MABN, NGAY, CHANDOAN, MABS, MAKHOA, MACSYT, KETLUAN) VALUES
(272693, 783537, '01/01/2022 00:00:10', 'S', 699526, 1888, 759, 'S');
INSERT INTO HSBA(MAHSBA, MABN, NGAY, CHANDOAN, MABS, MAKHOA, MACSYT, KETLUAN) VALUES
(965462, 383627, '02/24/2022 10:24:21', 'P', 507525, 7, 358, 'A');
INSERT INTO HSBA(MAHSBA, MABN, NGAY, CHANDOAN, MABS, MAKHOA, MACSYT, KETLUAN) VALUES
(650172, 936707, '02/25/2022 19:29:58', 'I', 154769, 4815, 840, 'J');
INSERT INTO HSBA(MAHSBA, MABN, NGAY, CHANDOAN, MABS, MAKHOA, MACSYT, KETLUAN) VALUES
(182693, 783536, '02/14/2022 09:05:40', 'T', 154773, 5276, 513, NULL);
INSERT INTO HSBA(MAHSBA, MABN, NGAY, CHANDOAN, MABS, MAKHOA, MACSYT, KETLUAN) VALUES
(623927, 83051, '01/01/2022 02:01:37', 'Q', 54768, 2316, 257, 'E');
INSERT INTO HSBA(MAHSBA, MABN, NGAY, CHANDOAN, MABS, MAKHOA, MACSYT, KETLUAN) VALUES
(450041, 183053, '03/23/2022 20:19:32', NULL, 54772, 4455, 356, 'Z');
INSERT INTO HSBA(MAHSBA, MABN, NGAY, CHANDOAN, MABS, MAKHOA, MACSYT, KETLUAN) VALUES
(740173, 183052, '03/20/2022 11:13:39', 'D', 507523, 127, 254, 'X');
INSERT INTO HSBA(MAHSBA, MABN, NGAY, CHANDOAN, MABS, MAKHOA, MACSYT, KETLUAN) VALUES
(533927, 683540, '03/12/2022 05:54:26', 'W', 799528, 4084, 412, 'P');
INSERT INTO HSBA(MAHSBA, MABN, NGAY, CHANDOAN, MABS, MAKHOA, MACSYT, KETLUAN) VALUES
(650173, 83051, '01/01/2022 00:02:21', 'M', 839862, 6862, 938, 'B');
INSERT INTO HSBA(MAHSBA, MABN, NGAY, CHANDOAN, MABS, MAKHOA, MACSYT, KETLUAN) VALUES
(875465, 183051, '01/04/2022 02:24:17', 'U', 54769, 7871, 658, 'T');
INSERT INTO HSBA(MAHSBA, MABN, NGAY, CHANDOAN, MABS, MAKHOA, MACSYT, KETLUAN) VALUES
(360041, 183052, '01/19/2022 06:45:24', 'R', 507521, 5815, 838, 'N');
INSERT INTO HSBA(MAHSBA, MABN, NGAY, CHANDOAN, MABS, MAKHOA, MACSYT, KETLUAN) VALUES
(623928, 683536, '03/08/2022 12:00:32', 'Z', 507521, 9982, 254, 'F');
INSERT INTO HSBA(MAHSBA, MABN, NGAY, CHANDOAN, MABS, MAKHOA, MACSYT, KETLUAN) VALUES
(533928, 183053, '03/07/2022 00:04:30', 'X', 939860, 8713, 932, 'Q');
INSERT INTO HSBA(MAHSBA, MABN, NGAY, CHANDOAN, MABS, MAKHOA, MACSYT, KETLUAN) VALUES
(623929, 283631, '02/19/2022 10:35:29', 'J', 507523, 7, 415, 'U');
INSERT INTO HSBA(MAHSBA, MABN, NGAY, CHANDOAN, MABS, MAKHOA, MACSYT, KETLUAN) VALUES
(533929, 683535, '03/26/2022 23:48:18', 'A', 154768, 3032, 156, 'R');
INSERT INTO HSBA(MAHSBA, MABN, NGAY, CHANDOAN, MABS, MAKHOA, MACSYT, KETLUAN) VALUES
(450042, 836708, '01/08/2022 01:26:52', 'O', 839862, 994, 256, 'K');
INSERT INTO HSBA(MAHSBA, MABN, NGAY, CHANDOAN, MABS, MAKHOA, MACSYT, KETLUAN) VALUES
(360042, 783540, '03/08/2022 08:12:48', 'E', 699527, 6880, 835, 'V');
INSERT INTO HSBA(MAHSBA, MABN, NGAY, CHANDOAN, MABS, MAKHOA, MACSYT, KETLUAN) VALUES
(623930, 783536, '01/12/2022 10:41:22', 'V', 54768, 3437, 57, 'O');
INSERT INTO HSBA(MAHSBA, MABN, NGAY, CHANDOAN, MABS, MAKHOA, MACSYT, KETLUAN) VALUES
(272694, 936706, '01/01/2022 00:00:04', 'B', 54767, 9, 759, 'S');
INSERT INTO HSBA(MAHSBA, MABN, NGAY, CHANDOAN, MABS, MAKHOA, MACSYT, KETLUAN) VALUES
(450043, 836708, '02/18/2022 13:40:50', 'F', 939860, 5422, 658, 'C');
INSERT INTO HSBA(MAHSBA, MABN, NGAY, CHANDOAN, MABS, MAKHOA, MACSYT, KETLUAN) VALUES
(360043, 683537, '02/01/2022 01:56:32', 'Y', 507524, 5318, 936, 'G');
INSERT INTO HSBA(MAHSBA, MABN, NGAY, CHANDOAN, MABS, MAKHOA, MACSYT, KETLUAN) VALUES
(450044, 683537, '02/05/2022 07:35:07', 'S', 939861, 48, 514, 'Y');
INSERT INTO HSBA(MAHSBA, MABN, NGAY, CHANDOAN, MABS, MAKHOA, MACSYT, KETLUAN) VALUES
(740174, 480046, '01/01/2022 00:15:42', 'C', 839861, 3757, 659, 'D');
INSERT INTO HSBA(MAHSBA, MABN, NGAY, CHANDOAN, MABS, MAKHOA, MACSYT, KETLUAN) VALUES
(650174, 283630, '02/19/2022 03:07:26', 'P', 699527, 611, 933, 'A');
INSERT INTO HSBA(MAHSBA, MABN, NGAY, CHANDOAN, MABS, MAKHOA, MACSYT, KETLUAN) VALUES
(965463, 383627, '01/01/2022 00:00:04', 'T', 154768, 4437, 938, 'E');
INSERT INTO HSBA(MAHSBA, MABN, NGAY, CHANDOAN, MABS, MAKHOA, MACSYT, KETLUAN) VALUES
(875466, 683540, '03/19/2022 18:35:17', 'N', 54772, 83, 359, 'W');
INSERT INTO HSBA(MAHSBA, MABN, NGAY, CHANDOAN, MABS, MAKHOA, MACSYT, KETLUAN) VALUES
(740175, 580042, '02/04/2022 01:42:54', 'Q', 799526, 7298, 937, 'H');
INSERT INTO HSBA(MAHSBA, MABN, NGAY, CHANDOAN, MABS, MAKHOA, MACSYT, KETLUAN) VALUES
(965464, 283626, '03/28/2022 03:34:04', 'K', 283789, 7077, 254, 'L');

--
-- Inserting data into table HSBA_DV
--
INSERT INTO HSBA_DV(MAHSBA, MADV, NGAY, MAKTV, KETQUA) VALUES
(965463, 56866, '03/10/2022 11:56:31', 939861, 'P');
INSERT INTO HSBA_DV(MAHSBA, MADV, NGAY, MAKTV, KETQUA) VALUES
(450039, 14393, '02/05/2022 03:12:02', 699527, 'B');
INSERT INTO HSBA_DV(MAHSBA, MADV, NGAY, MAKTV, KETQUA) VALUES
(875464, 46863, '03/01/2022 19:08:28', 383788, 'T');
INSERT INTO HSBA_DV(MAHSBA, MADV, NGAY, MAKTV, KETQUA) VALUES
(360038, 4392, '02/13/2022 20:00:02', 699526, 'F');
INSERT INTO HSBA_DV(MAHSBA, MADV, NGAY, MAKTV, KETQUA) VALUES
(450041, 75199, '01/28/2022 09:49:28', 507523, 'C');
INSERT INTO HSBA_DV(MAHSBA, MADV, NGAY, MAKTV, KETQUA) VALUES
(965464, 24815, '01/09/2022 18:27:51', 54768, 'G');
INSERT INTO HSBA_DV(MAHSBA, MADV, NGAY, MAKTV, KETQUA) VALUES
(740174, 46865, '03/01/2022 19:08:30', 799530, 'D');
INSERT INTO HSBA_DV(MAHSBA, MADV, NGAY, MAKTV, KETQUA) VALUES
(875466, 14398, '02/05/2022 03:12:07', 54771, 'Q');
INSERT INTO HSBA_DV(MAHSBA, MADV, NGAY, MAKTV, KETQUA) VALUES
(650174, 95207, '03/13/2022 20:29:52', 283789, 'A');
INSERT INTO HSBA_DV(MAHSBA, MADV, NGAY, MAKTV, KETQUA) VALUES
(272693, 34812, '01/01/2022 01:39:47', 699529, 'K');
INSERT INTO HSBA_DV(MAHSBA, MADV, NGAY, MAKTV, KETQUA) VALUES
(875463, 85208, '03/22/2022 13:17:48', 839862, 'Z');
INSERT INTO HSBA_DV(MAHSBA, MADV, NGAY, MAKTV, KETQUA) VALUES
(182692, 4394, '02/13/2022 20:00:04', 283785, 'E');
INSERT INTO HSBA_DV(MAHSBA, MADV, NGAY, MAKTV, KETQUA) VALUES
(450043, 24814, '01/09/2022 18:27:50', 839861, 'U');
INSERT INTO HSBA_DV(MAHSBA, MADV, NGAY, MAKTV, KETQUA) VALUES
(623926, 65197, '01/19/2022 17:01:26', 407523, 'X');
INSERT INTO HSBA_DV(MAHSBA, MADV, NGAY, MAKTV, KETQUA) VALUES
(650171, 14395, '02/05/2022 03:12:04', 283788, 'R');
INSERT INTO HSBA_DV(MAHSBA, MADV, NGAY, MAKTV, KETQUA) VALUES
(740175, 4398, '02/13/2022 20:00:08', 154770, 'V');
INSERT INTO HSBA_DV(MAHSBA, MADV, NGAY, MAKTV, KETQUA) VALUES
(965461, 34811, '01/01/2022 01:39:46', 699526, NULL);
INSERT INTO HSBA_DV(MAHSBA, MADV, NGAY, MAKTV, KETQUA) VALUES
(533929, 56865, '03/10/2022 11:56:30', 283786, 'O');
INSERT INTO HSBA_DV(MAHSBA, MADV, NGAY, MAKTV, KETQUA) VALUES
(360043, 34815, '01/01/2022 01:39:50', 507523, 'Y');
INSERT INTO HSBA_DV(MAHSBA, MADV, NGAY, MAKTV, KETQUA) VALUES
(740172, 75198, '01/28/2022 09:49:27', 699527, 'H');
INSERT INTO HSBA_DV(MAHSBA, MADV, NGAY, MAKTV, KETQUA) VALUES
(740173, 65199, '01/19/2022 17:01:28', 54768, 'W');
INSERT INTO HSBA_DV(MAHSBA, MADV, NGAY, MAKTV, KETQUA) VALUES
(450042, 65200, '01/19/2022 17:01:29', 799527, 'L');
INSERT INTO HSBA_DV(MAHSBA, MADV, NGAY, MAKTV, KETQUA) VALUES
(360039, 4393, '02/13/2022 20:00:03', 699528, 'I');
INSERT INTO HSBA_DV(MAHSBA, MADV, NGAY, MAKTV, KETQUA) VALUES
(450040, 24811, '01/09/2022 18:27:47', 839862, 'M');
INSERT INTO HSBA_DV(MAHSBA, MADV, NGAY, MAKTV, KETQUA) VALUES
(740171, 75197, '01/28/2022 09:49:26', 839863, 'S');
INSERT INTO HSBA_DV(MAHSBA, MADV, NGAY, MAKTV, KETQUA) VALUES
(999999, 95205, '03/13/2022 20:29:50', 407525, 'J');
INSERT INTO HSBA_DV(MAHSBA, MADV, NGAY, MAKTV, KETQUA) VALUES
(965462, 56864, '03/10/2022 11:56:29', 939859, 'N');
INSERT INTO HSBA_DV(MAHSBA, MADV, NGAY, MAKTV, KETQUA) VALUES
(533927, 4396, '02/13/2022 20:00:06', 507524, 'P');
INSERT INTO HSBA_DV(MAHSBA, MADV, NGAY, MAKTV, KETQUA) VALUES
(650172, 24812, '01/09/2022 18:27:48', 383785, 'Z');
INSERT INTO HSBA_DV(MAHSBA, MADV, NGAY, MAKTV, KETQUA) VALUES
(533926, 65198, '01/19/2022 17:01:27', 699529, 'X');
INSERT INTO HSBA_DV(MAHSBA, MADV, NGAY, MAKTV, KETQUA) VALUES
(450044, 4397, '02/13/2022 20:00:07', 154771, 'T');
INSERT INTO HSBA_DV(MAHSBA, MADV, NGAY, MAKTV, KETQUA) VALUES
(533925, 95204, '03/13/2022 20:29:49', 54768, 'B');
INSERT INTO HSBA_DV(MAHSBA, MADV, NGAY, MAKTV, KETQUA) VALUES
(650173, 34813, '01/01/2022 01:39:48', 54771, 'K');
INSERT INTO HSBA_DV(MAHSBA, MADV, NGAY, MAKTV, KETQUA) VALUES
(360042, 75201, '01/28/2022 09:49:30', 283787, 'V');
INSERT INTO HSBA_DV(MAHSBA, MADV, NGAY, MAKTV, KETQUA) VALUES
(182693, 4395, '02/13/2022 20:00:05', 383786, 'Q');
INSERT INTO HSBA_DV(MAHSBA, MADV, NGAY, MAKTV, KETQUA) VALUES
(875465, 14397, '02/05/2022 03:12:06', 699530, 'F');
INSERT INTO HSBA_DV(MAHSBA, MADV, NGAY, MAKTV, KETQUA) VALUES
(360040, 95206, '03/13/2022 20:29:51', 383786, 'C');
INSERT INTO HSBA_DV(MAHSBA, MADV, NGAY, MAKTV, KETQUA) VALUES
(272692, 14394, '02/05/2022 03:12:03', 799529, 'G');
INSERT INTO HSBA_DV(MAHSBA, MADV, NGAY, MAKTV, KETQUA) VALUES
(623925, 75196, '01/01/2022 01:39:45', 383788, 'D');
INSERT INTO HSBA_DV(MAHSBA, MADV, NGAY, MAKTV, KETQUA) VALUES
(623928, 85209, '03/22/2022 13:17:49', 383785, 'A');
INSERT INTO HSBA_DV(MAHSBA, MADV, NGAY, MAKTV, KETQUA) VALUES
(623930, 65201, '01/19/2022 17:01:30', 283786, 'E');
INSERT INTO HSBA_DV(MAHSBA, MADV, NGAY, MAKTV, KETQUA) VALUES
(623927, 14396, '02/05/2022 03:12:05', 939859, 'Y');
INSERT INTO HSBA_DV(MAHSBA, MADV, NGAY, MAKTV, KETQUA) VALUES
(360041, 46864, '03/01/2022 19:08:29', 283787, 'U');
INSERT INTO HSBA_DV(MAHSBA, MADV, NGAY, MAKTV, KETQUA) VALUES
(875462, 56863, '03/10/2022 11:56:28', 799528, NULL);
INSERT INTO HSBA_DV(MAHSBA, MADV, NGAY, MAKTV, KETQUA) VALUES
(533928, 75200, '01/28/2022 09:49:29', 54769, 'H');
INSERT INTO HSBA_DV(MAHSBA, MADV, NGAY, MAKTV, KETQUA) VALUES
(272694, 34814, '01/01/2022 01:39:49', 799529, 'L');
INSERT INTO HSBA_DV(MAHSBA, MADV, NGAY, MAKTV, KETQUA) VALUES
(623929, 24813, '01/09/2022 18:27:49', 154773, 'W');
INSERT INTO HSBA_DV(MAHSBA, MADV, NGAY, MAKTV, KETQUA) VALUES
(875461, 46862, '01/09/2022 18:27:46', 839864, 'R');
INSERT INTO HSBA_DV(MAHSBA, MADV, NGAY, MAKTV, KETQUA) VALUES
(965460, 85207, '03/22/2022 13:17:47', 407524, 'I');
INSERT INTO HSBA_DV(MAHSBA, MADV, NGAY, MAKTV, KETQUA) VALUES
(965459, 65196, '01/19/2022 17:01:25', 283787, 'M');

COMMIT;
